Workbook

Sheet README
A1: Project | B1: Purpose | C1: Records | D1: Recommended Tools | E1: Important Note
A2: HR Workforce Analytics and Interactive Dashboard System | B2: Synthetic project-ready HR dataset for Employee Demographics, Recruitment, Attendance, Leave, Salary, Performance, Attrition and Department-wise Dashboard. | C2: 300 employees; 3600 monthly attendance records; 640 leave records | D2: Excel → MySQL → Power BI; Python/Pandas for optional preprocessing | E2: All names and records are synthetic/fictitious and created for academic/project use.

Sheet Average salary by position
A3: Row Labels | B3: Average of Salary
A4: Accountant | B4: 52466.667
A5: Business Development Executive | B5: 41562.5
A6: Customer Success Executive | B6: 34285.714
A7: Data Analyst | B7: 60800
A8: Digital Marketing Analyst | B8: 49125
A9: Finance Manager | B9: 51571.429
A10: Financial Analyst | B10: 55500
A11: HR Executive | B11: 45750
A12: HR Manager | B12: 44250
A13: Marketing Executive | B13: 47846.154
A14: Marketing Manager | B14: 41000
A15: Operations Executive | B15: 41333.333
... A26: Grand Total | B26: 45356.667

Sheet Average salary by department
A3: Row Labels | B3: Average of Salary
A4: Customer Support | B4: 34875
A5: Finance | B5: 53162.791
A6: HR | B6: 44931.818
A7: IT | B7: 53481.481
A8: Marketing | B8: 46763.158
A9: Operations | B9: 37606.061
A10: Sales | B10: 42562.5
A11: Grand Total | B11: 45356.667

Sheet Average salary and  
A3: Row Labels | B3: Average of Salary
A4: Central | B4: 47133.333
A5: East | B5: 45387.097
A6: North | B6: 43365.079
A7: South | B7: 44410.714
A8: West | B8: 46542.373
A9: Grand Total | B9: 45356.667

Sheet Attendance
A1: Employee_ID | B1: Month | C1: Working_Days | D1: Present_Days | E1: Absent_Days | F1: Late_Days | G1: Attendance_Percentage
A2: 1 | B2: 45931 | C2: 20 | D2: 14 | E2: 6 | F2: 1 | G2: 70
A3: 1 | B3: 45962 | C3: 18 | D3: 11 | E3: 7 | F3: 6 | G3: 61.1
A4: 1 | B4: 45992 | C4: 22 | D4: 19 | E4: 3 | F4: 1 | G4: 86.4
A5: 1 | B5: 46023 | C5: 18 | D5: 12 | E5: 6 | F5: 5 | G5: 66.7
A6: 1 | B6: 46054 | C6: 21 | D6: 15 | E6: 6 | F6: 3 | G6: 71.4
A7: 1 | B7: 46082 | C7: 21 | D7: 16 | E7: 5 | F7: 3 | G7: 76.2
A8: 1 | B8: 46113 | C8: 18 | D8: 18 | E8: 0 | F8: 1 | G8: 100
A9: 1 | B9: 46143 | C9: 20 | D9: 19 | E9: 1 | F9: 1 | G9: 95
A10: 1 | B10: 46174 | C10: 22 | D10: 19 | E10: 3 | F10: 5 | G10: 86.4
A11: 1 | B11: 46204 | C11: 20 | D11: 17 | E11: 3 | F11: 4 | G11: 85
A12: 1 | B12: 46235 | C12: 20 | D12: 13 | E12: 7 | F12: 4 | G12: 65
A13: 1 | B13: 46266 | C13: 19 | D13: 17 | E13: 2 | F13: 2 | G13: 89.5
... A3601: 300 | B3601: 46266 | C3601: 21 | D3601: 16 | E3601: 5 | F3601: 2 | G3601: 76.2

Sheet Sheet1
A3: Row Labels | B3: Sum of Leave_ID
A4: Approved | B4: 126367
A5: Pending | B5: 37073
A6: Rejected | B6: 41680
A7: Grand Total | B7: 205120

Sheet Sheet2
A3: Row Labels | B3: Count of Leave_ID
A4: Annual Leave | B4: 173
A5: Casual Leave | B5: 141
A6: Emergency Leave | B6: 158
A7: Sick Leave | B7: 168
A8: Grand Total | B8: 640

Sheet Sheet3
A3: Row Labels | B3: Sum of Leave_Days
A4: Jan | B4: 138
A5: Feb | B5: 108
A6: Mar | B6: 136
A7: Apr | B7: 186
A8: May | B8: 117
A9: Jun | B9: 99
A10: Jul | B10: 124
A11: Aug | B11: 142
A12: Sep | B12: 121
A13: Oct | B13: 135
A14: Nov | B14: 143
A15: Dec | B15: 127
A16: Grand Total | B16: 1576

Sheet Sheet14
A3: Row Labels | B3: Sum of Leave_Days
A4: Customer Support | B4: 83
A5: Finance | B5: 120
A6: HR | B6: 100
A7: IT | B7: 124
A8: Marketing | B8: 91
A9: Not Found | B9: 839
A10: Operations | B10: 92
A11: Sales | B11: 127
A12: Grand Total | B12: 1576

Sheet Sheet4
A3: Row Labels
A4: Approved
A5: Pending
A6: Rejected
A7: Grand Total

Sheet Sheet15
A3: Row Labels | B3: Sum of Leave_Days
A4: 542 | B4: 4
A5: 463 | B5: 4
A6: 623 | B6: 4
A7: 323 | B7: 4
A8: 507 | B8: 4
A9: 324 | B9: 4
A10: 594 | B10: 4
A11: 327 | B11: 4
A12: 455 | B12: 4
A13: 336 | B13: 4
A14: 488 | B14: 4
A15: 337 | B15: 4
... A643: 276 | B643: 1
A644: Grand Total | B644: 1576

Sheet Sheet20
A3: Row Labels | B3: Sum of Percentage | C3: Count of Leave_Days
A4: 1 | B4: 244.0359 | C4: 4
A5: 2 | B5: 243.58774 | C5: 4
A6: 3 | B6: 182.27828 | C6: 3
A7: 4 | B7: 181.71681 | C7: 3
A8: 5 | B8: 181.6297 | C8: 3
A9: 6 | B9: 121.25108 | C9: 2
A10: 7 | B10: 60.771704 | C10: 1
A11: 8 | B11: 182.41967 | C11: 3
A12: 9 | B12: 183.1443 | C12: 3
A13: 11 | B13: 121.88766 | C13: 2
A14: 12 | B14: 61.011419 | C14: 1
A15: 13 | B15: 122.32224 | C15: 2
... A251: 300 | B251: 50 | C251: 1
A252: Grand Total | B252: 40208.515 | C252: 640

Sheet Sheet22
A1: 1 | B1: 244.0359 | C1: 4
A2: 2 | B2: 243.58774 | C2: 4
A3: 3 | B3: 182.27828 | C3: 3
A4: 4 | B4: 181.71681 | C4: 3
A5: 5 | B5: 181.6297 | C5: 3
A6: 6 | B6: 121.25108 | C6: 2
A7: 7 | B7: 60.771704 | C7: 1
A8: 8 | B8: 182.41967 | C8: 3
A9: 9 | B9: 183.1443 | C9: 3
A10: 11 | B10: 121.88766 | C10: 2
A11: 12 | B11: 61.011419 | C11: 1
A12: 13 | B12: 122.32224 | C12: 2
... A248: 300 | B248: 50 | C248: 1

Sheet Employee_Master
A1: Employee_ID | B1: Employee_Name | C1: Gender | D1: Age | E1: Department | F1: Position | G1: Salary | H1: Hire_Date | I1: Years_of_Service | J1: Recruitment_Source | K1: Performance_Score | L1: Attendance_Percentage | M1: Absence_Days | N1: Leave_Days | O1: Employment_Status | P1: Termination_Date | Q1: Location
A2: 1 | B2: Employee_001 | C2: Male | D2: 38 | E2: Marketing | F2: Marketing Executive | G2: 48000 | H2: 44469 | I2: 5 | J2: Campus Recruitment | K2: 84.1 | L2: 97.6 | M2: 13 | N2: 1 | O2: Active | Q2: North
A3: 2 | B3: Employee_002 | C3: Male | D3: 53 | E3: IT | F3: Data Analyst | G3: 74000 | H3: 45931 | I3: 1 | J3: Indeed | K3: 56.1 | L3: 85.5 | M3: 14 | N3: 18 | O3: Resigned | P3: 45872 | Q3: East
A4: 3 | B4: Employee_003 | C4: Male | D4: 48 | E4: Customer Support | F4: Support Executive | G4: 35000 | H4: 44859 | I4: 4 | J4: LinkedIn | K4: 87.8 | L4: 83.8 | M4: 11 | N4: 11 | O4: Active | Q4: Central
A5: 4 | B5: Employee_004 | C5: Female | D5: 55 | E5: HR | F5: HR Executive | G5: 51000 | H5: 43977 | I5: 6.4 | J5: Naukri | K5: 96.8 | L5: 88.6 | M5: 19 | N5: 11 | O5: Resigned | P5: 46001 | Q5: Central
A6: 5 | B6: Employee_005 | C6: Male | D6: 23 | E6: Sales | F6: Business Development Executive | G6: 43000 | H6: 46174 | I6: 0.4 | J6: Company Website | K6: 58.4 | L6: 86.1 | M6: 8 | N6: 14 | O6: Active | Q6: East
A7: 6 | B7: Employee_006 | C7: Female | D7: 34 | E7: Sales | F7: Sales Manager | G7: 49000 | H7: 46211 | I7: 0.2 | J7: Campus Recruitment | K7: 66.5 | L7: 98.4 | M7: 20 | N7: 5 | O7: Active | Q7: Central
A8: 7 | B8: Employee_007 | C8: Male | D8: 50 | E8: Marketing | F8: Marketing Executive | G8: 43000 | H8: 45020 | I8: 3.5 | J8: LinkedIn | K8: 84.6 | L8: 85.8 | M8: 7 | N8: 1 | O8: Active | Q8: East
A9: 8 | B9: Employee_008 | C9: Male | D9: 34 | E9: Finance | F9: Financial Analyst | G9: 77000 | H9: 45789 | I9: 1.4 | J9: Company Website | K9: 92.7 | L9: 87.5 | M9: 20 | N9: 14 | O9: Active | Q9: South
A10: 9 | B10: Employee_009 | C10: Male | D10: 56 | E10: HR | F10: HR Executive | G10: 43000 | H10: 45673 | I10: 1.7 | J10: Indeed | K10: 93.6 | L10: 89 | M10: 16 | N10: 15 | O10: Active | Q10: North
A11: 10 | B11: Employee_010 | C11: Male | D11: 30 | E11: Customer Support | F11: Support Executive | G11: 46000 | H11: 46036 | I11: 0.7 | J11: Company Website | K11: 61.9 | L11: 93.9 | M11: 12 | N11: 14 | O11: Resigned | P11: 46236 | Q11: Central
A12: 11 | B12: Employee_011 | C12: Male | D12: 28 | E12: HR | F12: Recruiter | G12: 57000 | H12: 46258 | I12: 0.1 | J12: Company Website | K12: 88 | L12: 88 | M12: 5 | N12: 14 | O12: Active | Q12: North | T12: Average Salary | U12: =AVERAGE(G2:G301) -> 45356.667
A13: 12 | B13: Employee_012 | C13: Female | D13: 53 | E13: Marketing | F13: Marketing Manager | G13: 34000 | H13: 44197 | I13: 5.8 | J13: Naukri | K13: 76.8 | L13: 83.9 | M13: 16 | N13: 6 | O13: Active | Q13: South | T13: Median salary | U13: =MEDIAN(G2:G301) -> 44000
A14: 13 | B14: Employee_013 | C14: Male | D14: 41 | E14: HR | F14: HR Executive | G14: 67000 | H14: 45467 | I14: 2.3 | J14: Indeed | K14: 92.8 | L14: 96.6 | M14: 1 | N14: 7 | O14: Active | Q14: Central | T14: Maximum salary | U14: =MAX(G2:G301) -> 77000
A15: 14 | B15: Employee_014 | C15: Female | D15: 25 | E15: IT | F15: Software Developer | G15: 58000 | H15: 45647 | I15: 1.8 | J15: Campus Recruitment | K15: 87.9 | L15: 84.2 | M15: 5 | N15: 8 | O15: Active | Q15: Central | T15: Minimum Salary | U15: =MIN(G2:G301) -> 18000
A16: 15 | B16: Employee_015 | C16: Female | D16: 34 | E16: Customer Support | F16: Customer Success Executive | G16: 36000 | H16: 45674 | I16: 1.7 | J16: Company Website | K16: 85.7 | L16: 89 | M16: 16 | N16: 14 | O16: Active | Q16: North
A17: 16 | B17: Employee_016 | C17: Male | D17: 42 | E17: Sales | F17: Sales Executive | G17: 27000 | H17: 43552 | I17: 7.5 | J17: LinkedIn | K17: 80.3 | L17: 86 | M17: 2 | N17: 1 | O17: Active | Q17: South
A18: 17 | B18: Employee_017 | C18: Female | D18: 25 | E18: IT | F18: Software Developer | G18: 56000 | H18: 45571 | I18: 2 | J18: Company Website | K18: 64.2 | L18: 84.3 | M18: 7 | N18: 15 | O18: Resigned | P18: 45711 | Q18: West
A19: 18 | B19: Employee_018 | C19: Male | D19: 48 | E19: Sales | F19: Sales Executive | G19: 55000 | H19: 44917 | I19: 3.8 | J19: Naukri | K19: 73.2 | L19: 90.2 | M19: 20 | N19: 3 | O19: Active | Q19: North
A20: 19 | B20: Employee_019 | C20: Female | D20: 27 | E20: Finance | F20: Finance Manager | G20: 57000 | H20: 44484 | I20: 5 | J20: Indeed | K20: 61 | L20: 85.2 | M20: 2 | N20: 14 | O20: Active | Q20: Central
A21: 20 | B21: Employee_020 | C21: Male | D21: 26 | E21: IT | F21: Software Developer | G21: 69000 | H21: 44434 | I21: 5.1 | J21: Company Website | K21: 62.2 | L21: 90.5 | M21: 1 | N21: 5 | O21: Active | Q21: West
A22: 21 | B22: Employee_021 | C22: Female | D22: 50 | E22: IT | F22: QA Engineer | G22: 28000 | H22: 44634 | I22: 4.6 | J22: Indeed | K22: 97.8 | L22: 91.7 | M22: 6 | N22: 9 | O22: Active | Q22: South
A23: 22 | B23: Employee_022 | C23: Female | D23: 24 | E23: IT | F23: Software Developer | G23: 69000 | H23: 43671 | I23: 7.2 | J23: LinkedIn | K23: 80.1 | L23: 90.8 | M23: 16 | N23: 2 | O23: Resigned | P23: 46140 | Q23: South
A24: 23 | B24: Employee_023 | C24: Male | D24: 46 | E24: IT | F24: Software Developer | G24: 69000 | H24: 43957 | I24: 6.4 | J24: Company Website | K24: 79.9 | L24: 82.7 | M24: 21 | N24: 18 | O24: Active | Q24: Central
A25: 24 | B25: Employee_024 | C25: Female | D25: 34 | E25: Operations | F25: Operations Manager | G25: 38000 | H25: 46209 | I25: 0.3 | J25: Indeed | K25: 85.8 | L25: 86.2 | M25: 21 | N25: 9 | O25: Active | Q25: West
A26: 25 | B26: Employee_025 | C26: Male | D26: 50 | E26: HR | F26: HR Executive | G26: 77000 | H26: 46010 | I26: 0.8 | J26: Indeed | K26: 58.2 | L26: 85.7 | M26: 11 | N26: 2 | O26: Active | Q26: South
A27: 26 | B27: Employee_026 | C27: Male | D27: 49 | E27: HR | F27: HR Manager | G27: 44000 | H27: 45691 | I27: 1.7 | J27: Naukri | K27: 85.3 | L27: 92.7 | M27: 17 | N27: 9 | O27: Resigned | P27: 46293 | Q27: North
A28: 27 | B28: Employee_027 | C28: Male | D28: 27 | E28: Sales | F28: Sales Manager | G28: 46000 | H28: 45732 | I28: 1.6 | J28: Campus Recruitment | K28: 64.1 | L28: 88 | M28: 15 | N28: 8 | O28: Active | Q28: North
A29: 28 | B29: Employee_028 | C29: Female | D29: 23 | E29: IT | F29: QA Engineer | G29: 63000 | H29: 43480 | I29: 7.7 | J29: Indeed | K29: 69.3 | L29: 84.3 | M29: 23 | N29: 14 | O29: Active | Q29: Central
A30: 29 | B30: Employee_029 | C30: Male | D30: 28 | E30: Marketing | F30: Digital Marketing Analyst | G30: 60000 | H30: 43774 | I30: 6.9 | J30: Campus Recruitment | K30: 61.4 | L30: 82.6 | M30: 17 | N30: 4 | O30: Active | Q30: West
A31: 30 | B31: Employee_030 | C31: Female | D31: 44 | E31: Sales | F31: Sales Executive | G31: 37000 | H31: 43629 | I31: 7.3 | J31: Naukri | K31: 93.7 | L31: 85.7 | M31: 3 | N31: 11 | O31: Active | Q31: Central
A32: 31 | B32: Employee_031 | C32: Male | D32: 36 | E32: Customer Support | F32: Support Lead | G32: 50000 | H32: 44131 | I32: 5.9 | J32: Company Website | K32: 92.9 | L32: 82.4 | M32: 21 | N32: 7 | O32: Active | Q32: East
A33: 32 | B33: Employee_032 | C33: Male | D33: 45 | E33: Sales | F33: Business Development Executive | G33: 39000 | H33: 43624 | I33: 7.3 | J33: Employee Referral | K33: 91.9 | L33: 85.9 | M33: 9 | N33: 7 | O33: Active | Q33: South
A34: 33 | B34: Employee_033 | C34: Female | D34: 42 | E34: IT | F34: Data Analyst | G34: 75000 | H34: 44607 | I34: 4.6 | J34: Naukri | K34: 67 | L34: 93.2 | M34: 17 | N34: 10 | O34: Active | Q34: North
A35: 34 | B35: Employee_034 | C35: Male | D35: 58 | E35: IT | F35: System Administrator | G35: 31000 | H35: 44553 | I35: 4.8 | J35: Naukri | K35: 56.6 | L35: 92.4 | M35: 10 | N35: 13 | O35: Active | Q35: Central
A36: 35 | B36: Employee_035 | C36: Female | D36: 57 | E36: Operations | F36: Operations Executive | G36: 42000 | H36: 44244 | I36: 5.6 | J36: Indeed | K36: 55.1 | L36: 98.2 | M36: 11 | N36: 13 | O36: Resigned | P36: 45615 | Q36: North
A37: 36 | B37: Employee_036 | C37: Female | D37: 28 | E37: Marketing | F37: Digital Marketing Analyst | G37: 61000 | H37: 44696 | I37: 4.4 | J37: Company Website | K37: 76.8 | L37: 93.7 | M37: 22 | N37: 9 | O37: Active | Q37: Central
A38: 37 | B38: Employee_037 | C38: Female | D38: 45 | E38: Sales | F38: Sales Executive | G38: 41000 | H38: 46240 | I38: 0.2 | J38: Employee Referral | K38: 79.5 | L38: 89.1 | M38: 9 | N38: 6 | O38: Active | Q38: West
A39: 38 | B39: Employee_038 | C39: Female | D39: 50 | E39: Customer Support | F39: Customer Success Executive | G39: 31000 | H39: 45275 | I39: 2.8 | J39: Naukri | K39: 74 | L39: 85.7 | M39: 5 | N39: 2 | O39: Active | Q39: East
A40: 39 | B40: Employee_039 | C40: Female | D40: 26 | E40: Operations | F40: Process Analyst | G40: 39000 | H40: 44428 | I40: 5.1 | J40: Company Website | K40: 63.6 | L40: 82.4 | M40: 19 | N40: 2 | O40: Active | Q40: West
A41: 40 | B41: Employee_040 | C41: Male | D41: 45 | E41: Finance | F41: Finance Manager | G41: 44000 | H41: 45490 | I41: 2.2 | J41: LinkedIn | K41: 72.2 | L41: 84.6 | M41: 24 | N41: 13 | O41: Active | Q41: South
A42: 41 | B42: Employee_041 | C42: Female | D42: 24 | E42: Sales | F42: Business Development Executive | G42: 42000 | H42: 45749 | I42: 1.5 | J42: Campus Recruitment | K42: 74.6 | L42: 96 | M42: 10 | N42: 14 | O42: Resigned | P42: 45729 | Q42: Central
A43: 42 | B43: Employee_042 | C43: Female | D43: 56 | E43: Customer Support | F43: Customer Success Executive | G43: 51000 | H43: 45292 | I43: 2.8 | J43: Company Website | K43: 93.6 | L43: 95 | M43: 8 | N43: 7 | O43: Active | Q43: East
A44: 43 | B44: Employee_043 | C44: Female | D44: 36 | E44: Customer Support | F44: Customer Success Executive | G44: 24000 | H44: 44590 | I44: 4.7 | J44: Indeed | K44: 65.1 | L44: 87.9 | M44: 4 | N44: 7 | O44: Resigned | P44: 46219 | Q44: West
A45: 44 | B45: Employee_044 | C45: Male | D45: 25 | E45: Marketing | F45: Marketing Executive | G45: 51000 | H45: 45165 | I45: 3.1 | J45: LinkedIn | K45: 72.5 | L45: 91.5 | M45: 6 | N45: 13 | O45: Active | Q45: West
A46: 45 | B46: Employee_045 | C46: Male | D46: 57 | E46: Customer Support | F46: Customer Success Executive | G46: 18000 | H46: 45024 | I46: 3.5 | J46: Campus Recruitment | K46: 67.8 | L46: 88.8 | M46: 23 | N46: 17 | O46: Active | Q46: Central
A47: 46 | B47: Employee_046 | C47: Male | D47: 38 | E47: Sales | F47: Sales Manager | G47: 45000 | H47: 45251 | I47: 2.9 | J47: Naukri | K47: 75.9 | L47: 88.8 | M47: 5 | N47: 14 | O47: Active | Q47: South
A48: 47 | B48: Employee_047 | C48: Male | D48: 46 | E48: Operations | F48: Process Analyst | G48: 40000 | H48: 45890 | I48: 1.1 | J48: Indeed | K48: 82.6 | L48: 84.4 | M48: 1 | N48: 8 | O48: Active | Q48: West
A49: 48 | B49: Employee_048 | C49: Female | D49: 41 | E49: HR | F49: HR Executive | G49: 44000 | H49: 44848 | I49: 4 | J49: Employee Referral | K49: 87.7 | L49: 88.6 | M49: 2 | N49: 15 | O49: Active | Q49: North
A50: 49 | B50: Employee_049 | C50: Male | D50: 43 | E50: Marketing | F50: Marketing Manager | G50: 35000 | H50: 44384 | I50: 5.3 | J50: Indeed | K50: 83 | L50: 95.2 | M50: 0 | N50: 4 | O50: Active | Q50: South
A51: 50 | B51: Employee_050 | C51: Male | D51: 57 | E51: Sales | F51: Sales Manager | G51: 28000 | H51: 44358 | I51: 5.3 | J51: Indeed | K51: 75 | L51: 86.5 | M51: 19 | N51: 3 | O51: Active | Q51: South
A52: 51 | B52: Employee_051 | C52: Male | D52: 40 | E52: HR | F52: HR Executive | G52: 34000 | H52: 45824 | I52: 1.3 | J52: Campus Recruitment | K52: 72.1 | L52: 94.5 | M52: 22 | N52: 7 | O52: Active | Q52: North
A53: 52 | B53: Employee_052 | C53: Male | D53: 57 | E53: Marketing | F53: Digital Marketing Analyst | G53: 23000 | H53: 43634 | I53: 7.3 | J53: LinkedIn | K53: 69.9 | L53: 89.5 | M53: 16 | N53: 10 | O53: Active | Q53: North
A54: 53 | B54: Employee_053 | C54: Female | D54: 27 | E54: Customer Support | F54: Support Lead | G54: 46000 | H54: 45241 | I54: 2.9 | J54: Indeed | K54: 90.6 | L54: 94.4 | M54: 23 | N54: 16 | O54: Active | Q54: East
A55: 54 | B55: Employee_054 | C55: Female | D55: 50 | E55: Operations | F55: Process Analyst | G55: 39000 | H55: 45250 | I55: 2.9 | J55: Indeed | K55: 90.5 | L55: 92.4 | M55: 2 | N55: 8 | O55: Active | Q55: West
A56: 55 | B56: Employee_055 | C56: Female | D56: 42 | E56: Sales | F56: Sales Manager | G56: 33000 | H56: 43583 | I56: 7.4 | J56: Employee Referral | K56: 76 | L56: 88.2 | M56: 8 | N56: 8 | O56: Active | Q56: Central
A57: 56 | B57: Employee_056 | C57: Male | D57: 36 | E57: IT | F57: Data Analyst | G57: 55000 | H57: 45130 | I57: 3.2 | J57: Naukri | K57: 76 | L57: 95.3 | M57: 22 | N57: 15 | O57: Active | Q57: West
A58: 57 | B58: Employee_057 | C58: Male | D58: 39 | E58: Customer Support | F58: Support Executive | G58: 31000 | H58: 44373 | I58: 5.3 | J58: Employee Referral | K58: 83.6 | L58: 88.5 | M58: 13 | N58: 17 | O58: Resigned | P58: 45758 | Q58: East
A59: 58 | B59: Employee_058 | C59: Female | D59: 38 | E59: HR | F59: Recruiter | G59: 49000 | H59: 44721 | I59: 4.3 | J59: Employee Referral | K59: 65.8 | L59: 84.1 | M59: 3 | N59: 17 | O59: Active | Q59: South
A60: 59 | B60: Employee_059 | C60: Female | D60: 38 | E60: Sales | F60: Sales Executive | G60: 53000 | H60: 45880 | I60: 1.2 | J60: Employee Referral | K60: 67.2 | L60: 83.8 | M60: 7 | N60: 11 | O60: Active | Q60: South
A61: 60 | B61: Employee_060 | C61: Male | D61: 38 | E61: HR | F61: HR Executive | G61: 43000 | H61: 43652 | I61: 7.3 | J61: Naukri | K61: 96.9 | L61: 91.7 | M61: 24 | N61: 15 | O61: Active | Q61: North
A62: 61 | B62: Employee_061 | C62: Female | D62: 51 | E62: Customer Support | F62: Support Executive | G62: 31000 | H62: 45426 | I62: 2.4 | J62: LinkedIn | K62: 57.2 | L62: 98.5 | M62: 2 | N62: 12 | O62: Active | Q62: West
A63: 62 | B63: Employee_062 | C63: Male | D63: 30 | E63: IT | F63: Software Developer | G63: 57000 | H63: 45771 | I63: 1.5 | J63: LinkedIn | K63: 95.8 | L63: 83.5 | M63: 17 | N63: 13 | O63: Active | Q63: Central
A64: 63 | B64: Employee_063 | C64: Male | D64: 54 | E64: Operations | F64: Process Analyst | G64: 33000 | H64: 45024 | I64: 3.5 | J64: Campus Recruitment | K64: 92 | L64: 99.3 | M64: 19 | N64: 1 | O64: Active | Q64: Central
A65: 64 | B65: Employee_064 | C65: Male | D65: 34 | E65: Marketing | F65: Marketing Executive | G65: 49000 | H65: 44549 | I65: 4.8 | J65: Campus Recruitment | K65: 83.4 | L65: 84.7 | M65: 2 | N65: 5 | O65: Active | Q65: North
A66: 65 | B66: Employee_065 | C66: Female | D66: 39 | E66: Finance | F66: Financial Analyst | G66: 54000 | H66: 43599 | I66: 7.4 | J66: Employee Referral | K66: 85.2 | L66: 89.9 | M66: 20 | N66: 18 | O66: Active | Q66: South
A67: 66 | B67: Employee_066 | C67: Male | D67: 30 | E67: Finance | F67: Accountant | G67: 69000 | H67: 44554 | I67: 4.8 | J67: Employee Referral | K67: 90.5 | L67: 83.2 | M67: 19 | N67: 18 | O67: Active | Q67: East
A68: 67 | B68: Employee_067 | C68: Female | D68: 40 | E68: Finance | F68: Accountant | G68: 64000 | H68: 45114 | I68: 3.3 | J68: Company Website | K68: 76.2 | L68: 83.4 | M68: 23 | N68: 10 | O68: Active | Q68: Central
A69: 68 | B69: Employee_068 | C69: Male | D69: 35 | E69: HR | F69: HR Executive | G69: 40000 | H69: 46227 | I69: 0.2 | J69: Naukri | K69: 90.9 | L69: 92.1 | M69: 8 | N69: 18 | O69: Active | Q69: North
A70: 69 | B70: Employee_069 | C70: Female | D70: 54 | E70: Customer Support | F70: Support Executive | G70: 30000 | H70: 46134 | I70: 0.5 | J70: LinkedIn | K70: 97.9 | L70: 89.6 | M70: 15 | N70: 11 | O70: Active | Q70: West
... A74: 73 | B74: Employee_073 | C74: Male | D74: 40 | E74: IT | F74: Data Analyst | G74: 67000 | H74: 45722 | I74: 1.6 | J74: Company Website | K74: 64.7 | L74: 96.7 | M74: 3 | N74: 4 | O74: Active | Q74: West
A75: 74 | B75: Employee_074 | C75: Female | D75: 47 | E75: Marketing | F75: Digital Marketing Analyst | G75: 46000 | H75: 45442 | I75: 2.4 | J75: Company Website | K75: 97.2 | L75: 86.3 | M75: 6 | N75: 16 | O75: Resigned | P75: 46153 | Q75: South
A76: 75 | B76: Employee_075 | C76: Female | D76: 47 | E76: Customer Support | F76: Support Executive | G76: 44000 | H76: 44858 | I76: 4 | J76: Campus Recruitment | K76: 90.3 | L76: 86.9 | M76: 18 | N76: 15 | O76: Active | Q76: South
A77: 76 | B77: Employee_076 | C77: Female | D77: 43 | E77: Finance | F77: Finance Manager | G77: 46000 | H77: 44827 | I77: 4 | J77: Employee Referral | K77: 78.7 | L77: 91.5 | M77: 6 | N77: 7 | O77: Active | Q77: Central
A78: 77 | B78: Employee_077 | C78: Female | D78: 23 | E78: Finance | F78: Accountant | G78: 51000 | H78: 44769 | I78: 4.2 | J78: Company Website | K78: 89.9 | L78: 88.8 | M78: 1 | N78: 4 | O78: Active | Q78: Central
A79: 78 | B79: Employee_078 | C79: Male | D79: 49 | E79: Operations | F79: Operations Manager | G79: 28000 | H79: 43874 | I79: 6.6 | J79: Company Website | K79: 77.6 | L79: 90 | M79: 20 | N79: 4 | O79: Active | Q79: North
A80: 79 | B80: Employee_079 | C80: Female | D80: 46 | E80: Finance | F80: Financial Analyst | G80: 60000 | H80: 46127 | I80: 0.5 | J80: Naukri | K80: 84 | L80: 91.3 | M80: 22 | N80: 15 | O80: Active | Q80: Central
A81: 80 | B81: Employee_080 | C81: Male | D81: 39 | E81: IT | F81: Software Developer | G81: 60000 | H81: 44397 | I81: 5.2 | J81: Naukri | K81: 87.1 | L81: 89.6 | M81: 22 | N81: 3 | O81: Active | Q81: West
A82: 81 | B82: Employee_081 | C82: Female | D82: 22 | E82: Sales | F82: Business Development Executive | G82: 40000 | H82: 43654 | I82: 7.2 | J82: Campus Recruitment | K82: 70.4 | L82: 89.5 | M82: 13 | N82: 18 | O82: Active | Q82: South
A83: 82 | B83: Employee_082 | C83: Male | D83: 45 | E83: Sales | F83: Sales Executive | G83: 44000 | H83: 46004 | I83: 0.8 | J83: Indeed | K83: 84.4 | L83: 90.7 | M83: 14 | N83: 8 | O83: Resigned | P83: 46155 | Q83: West
A84: 83 | B84: Employee_083 | C84: Male | D84: 50 | E84: HR | F84: Recruiter | G84: 42000 | H84: 44644 | I84: 4.5 | J84: Naukri | K84: 74 | L84: 88 | M84: 13 | N84: 8 | O84: Resigned | P84: 45995 | Q84: West
A85: 84 | B85: Employee_084 | C85: Male | D85: 45 | E85: Customer Support | F85: Support Lead | G85: 31000 | H85: 45445 | I85: 2.3 | J85: Campus Recruitment | K85: 59.6 | L85: 88.7 | M85: 9 | N85: 9 | O85: Active | Q85: North
A86: 85 | B86: Employee_085 | C86: Female | D86: 38 | E86: Customer Support | F86: Customer Success Executive | G86: 24000 | H86: 43499 | I86: 7.7 | J86: Employee Referral | K86: 87 | L86: 82.9 | M86: 24 | N86: 7 | O86: Resigned | P86: 45793 | Q86: Central
A87: 86 | B87: Employee_086 | C87: Male | D87: 33 | E87: Customer Support | F87: Support Lead | G87: 31000 | H87: 46009 | I87: 0.8 | J87: Naukri | K87: 65.8 | L87: 95.2 | M87: 3 | N87: 1 | O87: Active | Q87: East
A88: 87 | B88: Employee_087 | C88: Male | D88: 58 | E88: Customer Support | F88: Support Lead | G88: 35000 | H88: 44960 | I88: 3.7 | J88: Indeed | K88: 67.7 | L88: 95.1 | M88: 4 | N88: 17 | O88: Active | Q88: East
A89: 88 | B89: Employee_088 | C89: Female | D89: 31 | E89: Operations | F89: Process Analyst | G89: 38000 | H89: 44518 | I89: 4.9 | J89: Naukri | K89: 94.3 | L89: 98.5 | M89: 10 | N89: 3 | O89: Active | Q89: West
A90: 89 | B90: Employee_089 | C90: Male | D90: 46 | E90: IT | F90: Data Analyst | G90: 40000 | H90: 45748 | I90: 1.5 | J90: Employee Referral | K90: 55.6 | L90: 91.4 | M90: 21 | N90: 8 | O90: Active | Q90: Central
A91: 90 | B91: Employee_090 | C91: Female | D91: 27 | E91: Finance | F91: Finance Manager | G91: 67000 | H91: 46230 | I91: 0.2 | J91: Employee Referral | K91: 65.1 | L91: 82.4 | M91: 19 | N91: 7 | O91: Active | Q91: North
A92: 91 | B92: Employee_091 | C92: Female | D92: 47 | E92: Marketing | F92: Digital Marketing Analyst | G92: 61000 | H92: 43943 | I92: 6.5 | J92: Indeed | K92: 68.1 | L92: 90.6 | M92: 17 | N92: 4 | O92: Active | Q92: West
A93: 92 | B93: Employee_092 | C93: Female | D93: 58 | E93: Finance | F93: Financial Analyst | G93: 73000 | H93: 44098 | I93: 6 | J93: Campus Recruitment | K93: 93.1 | L93: 93.5 | M93: 13 | N93: 8 | O93: Active | Q93: North
A94: 93 | B94: Employee_093 | C94: Male | D94: 49 | E94: Marketing | F94: Digital Marketing Analyst | G94: 64000 | H94: 45287 | I94: 2.8 | J94: Employee Referral | K94: 59.3 | L94: 94 | M94: 1 | N94: 12 | O94: Resigned | P94: 45641 | Q94: East
A95: 94 | B95: Employee_094 | C95: Female | D95: 26 | E95: Sales | F95: Sales Executive | G95: 36000 | H95: 46180 | I95: 0.3 | J95: LinkedIn | K95: 64.1 | L95: 93.2 | M95: 10 | N95: 7 | O95: Active | Q95: South
A96: 95 | B96: Employee_095 | C96: Male | D96: 25 | E96: Customer Support | F96: Customer Success Executive | G96: 37000 | H96: 45736 | I96: 1.5 | J96: Campus Recruitment | K96: 92.4 | L96: 87.7 | M96: 0 | N96: 8 | O96: Active | Q96: South
A97: 96 | B97: Employee_096 | C97: Female | D97: 32 | E97: Sales | F97: Business Development Executive | G97: 48000 | H97: 43916 | I97: 6.5 | J97: Employee Referral | K97: 83.4 | L97: 82.5 | M97: 7 | N97: 18 | O97: Active | Q97: East
A98: 97 | B98: Employee_097 | C98: Female | D98: 24 | E98: IT | F98: Data Analyst | G98: 54000 | H98: 43985 | I98: 6.3 | J98: Campus Recruitment | K98: 87.1 | L98: 90.3 | M98: 18 | N98: 3 | O98: Active | Q98: West
A99: 98 | B99: Employee_098 | C99: Male | D99: 54 | E99: Operations | F99: Operations Executive | G99: 31000 | H99: 44701 | I99: 4.4 | J99: Company Website | K99: 74.7 | L99: 98.9 | M99: 12 | N99: 13 | O99: Active | Q99: North
A100: 99 | B100: Employee_099 | C100: Female | D100: 25 | E100: Finance | F100: Finance Manager | G100: 49000 | H100: 43796 | I100: 6.9 | J100: Naukri | K100: 60.4 | L100: 92.9 | M100: 10 | N100: 12 | O100: Resigned | P100: 45740 | Q100: Central
A101: 100 | B101: Employee_100 | C101: Female | D101: 53 | E101: Operations | F101: Operations Manager | G101: 47000 | H101: 45945 | I101: 1 | J101: Naukri | K101: 73.5 | L101: 95.9 | M101: 20 | N101: 17 | O101: Active | Q101: South
A102: 101 | B102: Employee_101 | C102: Male | D102: 47 | E102: Finance | F102: Financial Analyst | G102: 57000 | H102: 44854 | I102: 4 | J102: Naukri | K102: 86.4 | L102: 87.5 | M102: 8 | N102: 11 | O102: Active | Q102: South
A103: 102 | B103: Employee_102 | C103: Male | D103: 26 | E103: Marketing | F103: Digital Marketing Analyst | G103: 36000 | H103: 43815 | I103: 6.8 | J103: Indeed | K103: 59 | L103: 83.7 | M103: 17 | N103: 1 | O103: Active | Q103: Central
...

Sheet Leave Status Analysis
A3: Row Labels | B3: Count of Leave_ID
A4: Approved | B4: 391
A5: Pending | B5: 119
A6: Rejected | B6: 130
A7: Grand Total | B7: 640

Sheet Leave
A1: Leave_ID | B1: Employee_ID | C1: Leave_Date | D1: Leave_Type | E1: Leave_Days | F1: Department | G1: Status | H1: Average | I1: Percentage
A2: 1 | B2: 1 | C2: 46185 | D2: Sick Leave | E2: 4 | F2: =_xlfn.XLOOKUP(B2,Employee_Master!A:A,Employee_Master!E:E,"Not Found") -> Marketing | G2: Approved | H2: =AVERAGE(E2:E641) -> 2.4625 | I2: =COUNTIF(G1:G640,"Approved")/COUNTA(G1:G640)*100 -> 60.9375
A3: 2 | B3: 1 | C3: 46066 | D3: Emergency Leave | E3: 3 | F3: =_xlfn.XLOOKUP(B3,Employee_Master!A:A,Employee_Master!E:E,"Not Found") -> Marketing | G3: Approved | H3: =AVERAGE(E3:E642) -> 2.4600939 | I3: =COUNTIF(G2:G641,"Approved")/COUNTA(G2:G641)*100 -> 61.09375
A4: 3 | B4: 1 | C4: 46155 | D4: Annual Leave | E4: 2 | F4: =_xlfn.XLOOKUP(B4,Employee_Master!A:A,Employee_Master!E:E,"Not Found") -> Marketing | G4: Approved | H4: =AVERAGE(E4:E643) -> 2.4592476 | I4: =COUNTIF(G3:G642,"Approved")/COUNTA(G3:G642)*100 -> 61.032864
A5: 4 | B5: 1 | C5: 46096 | D5: Casual Leave | E5: 1 | F5: =_xlfn.XLOOKUP(B5,Employee_Master!A:A,Employee_Master!E:E,"Not Found") -> Marketing | G5: Approved | H5: =AVERAGE(E5:E644) -> 2.4599686 | I5: =COUNTIF(G4:G643,"Approved")/COUNTA(G4:G643)*100 -> 60.971787
A6: 5 | B6: 2 | C6: 46089 | D6: Annual Leave | E6: 2 | F6: =_xlfn.XLOOKUP(B6,Employee_Master!A:A,Employee_Master!E:E,"Not Found") -> IT | G6: Rejected | H6: =AVERAGE(E6:E645) -> 2.4622642 | I6: =COUNTIF(G5:G644,"Approved")/COUNTA(G5:G644)*100 -> 60.910518
A7: 6 | B7: 2 | C7: 46247 | D7: Casual Leave | E7: 2 | F7: =_xlfn.XLOOKUP(B7,Employee_Master!A:A,Employee_Master!E:E,"Not Found") -> IT | G7: Approved | H7: =AVERAGE(E7:E646) -> 2.4629921 | I7: =COUNTIF(G6:G645,"Approved")/COUNTA(G6:G645)*100 -> 60.849057
A8: 7 | B8: 2 | C8: 45977 | D8: Emergency Leave | E8: 3 | F8: =_xlfn.XLOOKUP(B8,Employee_Master!A:A,Employee_Master!E:E,"Not Found") -> IT | G8: Approved | H8: =AVERAGE(E8:E647) -> 2.4637224 | I8: =COUNTIF(G7:G646,"Approved")/COUNTA(G7:G646)*100 -> 60.944882
A9: 8 | B9: 2 | C9: 46105 | D9: Annual Leave | E9: 4 | F9: =_xlfn.XLOOKUP(B9,Employee_Master!A:A,Employee_Master!E:E,"Not Found") -> IT | G9: Approved | H9: =AVERAGE(E9:E648) -> 2.4628752 | I9: =COUNTIF(G8:G647,"Approved")/COUNTA(G8:G647)*100 -> 60.883281
A10: 9 | B10: 3 | C10: 45984 | D10: Annual Leave | E10: 1 | F10: =_xlfn.XLOOKUP(B10,Employee_Master!A:A,Employee_Master!E:E,"Not Found") -> Customer Support | G10: Approved | H10: =AVERAGE(E10:E649) -> 2.460443 | I10: =COUNTIF(G9:G648,"Approved")/COUNTA(G9:G648)*100 -> 60.821485
A11: 10 | B11: 3 | C11: 46046 | D11: Emergency Leave | E11: 1 | F11: =_xlfn.XLOOKUP(B11,Employee_Master!A:A,Employee_Master!E:E,"Not Found") -> Customer Support | G11: Approved | H11: =AVERAGE(E11:E650) -> 2.4627575 | I11: =COUNTIF(G10:G649,"Approved")/COUNTA(G10:G649)*100 -> 60.759494
A12: 11 | B12: 3 | C12: 46211 | D12: Sick Leave | E12: 3 | F12: =_xlfn.XLOOKUP(B12,Employee_Master!A:A,Employee_Master!E:E,"Not Found") -> Customer Support | G12: Approved | H12: =AVERAGE(E12:E651) -> 2.4650794 | I12: =COUNTIF(G11:G650,"Approved")/COUNTA(G11:G650)*100 -> 60.697306
A13: 12 | B13: 4 | C13: 46045 | D13: Sick Leave | E13: 2 | F13: =_xlfn.XLOOKUP(B13,Employee_Master!A:A,Employee_Master!E:E,"Not Found") -> HR | G13: Approved | H13: =AVERAGE(E13:E652) -> 2.4642289 | I13: =COUNTIF(G12:G651,"Approved")/COUNTA(G12:G651)*100 -> 60.634921
... A619: 618 | B619: 293 | C619: 46172 | D619: Sick Leave | E619: 2 | F619: =_xlfn.XLOOKUP(B619,Employee_Master!A:A,Employee_Master!E:E,"Not Found") -> Marketing | G619: Approved | H619: =AVERAGE(E619:E1258) -> 2.173913 | I619: =COUNTIF(G618:G1257,"Approved")/COUNTA(G618:G1257)*100 -> 75
A620: 619 | B620: 293 | C620: 45954 | D620: Annual Leave | E620: 3 | F620: =_xlfn.XLOOKUP(B620,Employee_Master!A:A,Employee_Master!E:E,"Not Found") -> Marketing | G620: Rejected | H620: =AVERAGE(E620:E1259) -> 2.1818182 | I620: =COUNTIF(G619:G1258,"Approved")/COUNTA(G619:G1258)*100 -> 73.913043 | K620: Column1 | L620: Column2
A621: 620 | B621: 293 | C621: 46054 | D621: Annual Leave | E621: 4 | F621: =_xlfn.XLOOKUP(B621,Employee_Master!A:A,Employee_Master!E:E,"Not Found") -> Marketing | G621: Approved | H621: =AVERAGE(E621:E1260) -> 2.1428571 | I621: =COUNTIF(G620:G1259,"Approved")/COUNTA(G620:G1259)*100 -> 72.727273 | K621: LEAVE REQUESTS | L621: =COUNTA(A2:A641) -> 640
A622: 621 | B622: 294 | C622: 46218 | D622: Casual Leave | E622: 1 | F622: =_xlfn.XLOOKUP(B622,Employee_Master!A:A,Employee_Master!E:E,"Not Found") -> HR | G622: Approved | H622: =AVERAGE(E622:E1261) -> 2.05 | I622: =COUNTIF(G621:G1260,"Approved")/COUNTA(G621:G1260)*100 -> 76.190476 | K622: LEAVE DAYS | L622: =SUM(E2:E641) -> 1576
A623: 622 | B623: 294 | C623: 46220 | D623: Sick Leave | E623: 2 | F623: =_xlfn.XLOOKUP(B623,Employee_Master!A:A,Employee_Master!E:E,"Not Found") -> HR | G623: Rejected | H623: =AVERAGE(E623:E1262) -> 2.1052632 | I623: =COUNTIF(G622:G1261,"Approved")/COUNTA(G622:G1261)*100 -> 75
A624: 623 | B624: 294 | C624: 45953 | D624: Sick Leave | E624: 4 | F624: =_xlfn.XLOOKUP(B624,Employee_Master!A:A,Employee_Master!E:E,"Not Found") -> HR | G624: Rejected | H624: =AVERAGE(E624:E1263) -> 2.1111111 | I624: =COUNTIF(G623:G1262,"Approved")/COUNTA(G623:G1262)*100 -> 73.684211
A625: 624 | B625: 295 | C625: 45968 | D625: Casual Leave | E625: 4 | F625: =_xlfn.XLOOKUP(B625,Employee_Master!A:A,Employee_Master!E:E,"Not Found") -> Finance | G625: Approved | H625: =AVERAGE(E625:E1264) -> 2 | I625: =COUNTIF(G624:G1263,"Approved")/COUNTA(G624:G1263)*100 -> 77.777778
A626: 625 | B626: 295 | C626: 46044 | D626: Sick Leave | E626: 2 | F626: =_xlfn.XLOOKUP(B626,Employee_Master!A:A,Employee_Master!E:E,"Not Found") -> Finance | G626: Approved | H626: =AVERAGE(E626:E1265) -> 1.875 | I626: =COUNTIF(G625:G1264,"Approved")/COUNTA(G625:G1264)*100 -> 82.352941
A627: 626 | B627: 295 | C627: 45980 | D627: Casual Leave | E627: 3 | F627: =_xlfn.XLOOKUP(B627,Employee_Master!A:A,Employee_Master!E:E,"Not Found") -> Finance | G627: Approved | H627: =AVERAGE(E627:E1266) -> 1.8666667 | I627: =COUNTIF(G626:G1265,"Approved")/COUNTA(G626:G1265)*100 -> 81.25
A628: 627 | B628: 295 | C628: 46231 | D628: Emergency Leave | E628: 1 | F628: =_xlfn.XLOOKUP(B628,Employee_Master!A:A,Employee_Master!E:E,"Not Found") -> Finance | G628: Approved | H628: =AVERAGE(E628:E1267) -> 1.7857143 | I628: =COUNTIF(G627:G1266,"Approved")/COUNTA(G627:G1266)*100 -> 80
A629: 628 | B629: 296 | C629: 46161 | D629: Sick Leave | E629: 1 | F629: =_xlfn.XLOOKUP(B629,Employee_Master!A:A,Employee_Master!E:E,"Not Found") -> Finance | G629: Approved | H629: =AVERAGE(E629:E1268) -> 1.8461538 | I629: =COUNTIF(G628:G1267,"Approved")/COUNTA(G628:G1267)*100 -> 78.571429
A630: 629 | B630: 296 | C630: 46052 | D630: Casual Leave | E630: 1 | F630: =_xlfn.XLOOKUP(B630,Employee_Master!A:A,Employee_Master!E:E,"Not Found") -> Finance | G630: Approved | H630: =AVERAGE(E630:E1269) -> 1.9166667 | I630: =COUNTIF(G629:G1268,"Approved")/COUNTA(G629:G1268)*100 -> 76.923077
A631: 630 | B631: 296 | C631: 46237 | D631: Sick Leave | E631: 1 | F631: =_xlfn.XLOOKUP(B631,Employee_Master!A:A,Employee_Master!E:E,"Not Found") -> Finance | G631: Rejected | H631: =AVERAGE(E631:E1270) -> 2 | I631: =COUNTIF(G630:G1269,"Approved")/COUNTA(G630:G1269)*100 -> 75
A632: 631 | B632: 296 | C632: 46283 | D632: Annual Leave | E632: 2 | F632: =_xlfn.XLOOKUP(B632,Employee_Master!A:A,Employee_Master!E:E,"Not Found") -> Finance | G632: Approved | H632: =AVERAGE(E632:E1271) -> 2.1 | I632: =COUNTIF(G631:G1270,"Approved")/COUNTA(G631:G1270)*100 -> 72.727273
A633: 632 | B633: 297 | C633: 46041 | D633: Emergency Leave | E633: 3 | F633: =_xlfn.XLOOKUP(B633,Employee_Master!A:A,Employee_Master!E:E,"Not Found") -> IT | G633: Approved | H633: =AVERAGE(E633:E1272) -> 2.1111111 | I633: =COUNTIF(G632:G1271,"Approved")/COUNTA(G632:G1271)*100 -> 80
A634: 633 | B634: 297 | C634: 45976 | D634: Sick Leave | E634: 3 | F634: =_xlfn.XLOOKUP(B634,Employee_Master!A:A,Employee_Master!E:E,"Not Found") -> IT | G634: Approved | H634: =AVERAGE(E634:E1273) -> 2 | I634: =COUNTIF(G633:G1272,"Approved")/COUNTA(G633:G1272)*100 -> 77.777778
... A641: 640 | B641: 300 | C641: 46247 | D641: Sick Leave | E641: 1 | F641: =_xlfn.XLOOKUP(B641,Employee_Master!A:A,Employee_Master!E:E,"Not Found") -> Marketing | G641: Approved | H641: =AVERAGE(E641:E1280) -> 1 | I641: =COUNTIF(G640:G1279,"Approved")/COUNTA(G640:G1279)*100 -> 50

Sheet leave 2
A1: Leave_ID | B1: Employee_ID | C1: Leave_Date | D1: Leave_Type | E1: Leave_Days | F1: Department | G1: Status | H1: Average | I1: Percentage
A2: 1 | B2: 1 | C2: 46185 | D2: Sick Leave | E2: 4 | F2: =_xlfn.XLOOKUP(B2,Employee_Master!A:A,Employee_Master!E:E,"Not Found") -> Marketing | G2: Approved | H2: =AVERAGE(E2:E641) -> 2.4625 | I2: =COUNTIF(G1:G640,"Approved")/COUNTA(G1:G640)*100 -> 60.9375
A3: 2 | B3: 1 | C3: 46066 | D3: Emergency Leave | E3: 3 | F3: =_xlfn.XLOOKUP(B3,Employee_Master!A:A,Employee_Master!E:E,"Not Found") -> Marketing | G3: Approved | H3: =AVERAGE(E3:E642) -> 2.4600939 | I3: =COUNTIF(G2:G641,"Approved")/COUNTA(G2:G641)*100 -> 61.09375
A4: 3 | B4: 1 | C4: 46155 | D4: Annual Leave | E4: 2 | F4: =_xlfn.XLOOKUP(B4,Employee_Master!A:A,Employee_Master!E:E,"Not Found") -> Marketing | G4: Approved | H4: =AVERAGE(E4:E643) -> 2.4592476 | I4: =COUNTIF(G3:G642,"Approved")/COUNTA(G3:G642)*100 -> 61.032864
A5: 4 | B5: 1 | C5: 46096 | D5: Casual Leave | E5: 1 | F5: =_xlfn.XLOOKUP(B5,Employee_Master!A:A,Employee_Master!E:E,"Not Found") -> Marketing | G5: Approved | H5: =AVERAGE(E5:E644) -> 2.4599686 | I5: =COUNTIF(G4:G643,"Approved")/COUNTA(G4:G643)*100 -> 60.971787
A6: 5 | B6: 2 | C6: 46089 | D6: Annual Leave | E6: 2 | F6: =_xlfn.XLOOKUP(B6,Employee_Master!A:A,Employee_Master!E:E,"Not Found") -> IT | G6: Rejected | H6: =AVERAGE(E6:E645) -> 2.4622642 | I6: =COUNTIF(G5:G644,"Approved")/COUNTA(G5:G644)*100 -> 60.910518
A7: 6 | B7: 2 | C7: 46247 | D7: Casual Leave | E7: 2 | F7: =_xlfn.XLOOKUP(B7,Employee_Master!A:A,Employee_Master!E:E,"Not Found") -> IT | G7: Approved | H7: =AVERAGE(E7:E646) -> 2.4629921 | I7: =COUNTIF(G6:G645,"Approved")/COUNTA(G6:G645)*100 -> 60.849057
A8: 7 | B8: 2 | C8: 45977 | D8: Emergency Leave | E8: 3 | F8: =_xlfn.XLOOKUP(B8,Employee_Master!A:A,Employee_Master!E:E,"Not Found") -> IT | G8: Approved | H8: =AVERAGE(E8:E647) -> 2.4637224 | I8: =COUNTIF(G7:G646,"Approved")/COUNTA(G7:G646)*100 -> 60.944882
A9: 8 | B9: 2 | C9: 46105 | D9: Annual Leave | E9: 4 | F9: =_xlfn.XLOOKUP(B9,Employee_Master!A:A,Employee_Master!E:E,"Not Found") -> IT | G9: Approved | H9: =AVERAGE(E9:E648) -> 2.4628752 | I9: =COUNTIF(G8:G647,"Approved")/COUNTA(G8:G647)*100 -> 60.883281
A10: 9 | B10: 3 | C10: 45984 | D10: Annual Leave | E10: 1 | F10: =_xlfn.XLOOKUP(B10,Employee_Master!A:A,Employee_Master!E:E,"Not Found") -> Customer Support | G10: Approved | H10: =AVERAGE(E10:E649) -> 2.460443 | I10: =COUNTIF(G9:G648,"Approved")/COUNTA(G9:G648)*100 -> 60.821485
A11: 10 | B11: 3 | C11: 46046 | D11: Emergency Leave | E11: 1 | F11: =_xlfn.XLOOKUP(B11,Employee_Master!A:A,Employee_Master!E:E,"Not Found") -> Customer Support | G11: Approved | H11: =AVERAGE(E11:E650) -> 2.4627575 | I11: =COUNTIF(G10:G649,"Approved")/COUNTA(G10:G649)*100 -> 60.759494 | N11: =COUNTA(A2:A641) -> 640
A12: 11 | B12: 3 | C12: 46211 | D12: Sick Leave | E12: 3 | F12: =_xlfn.XLOOKUP(B12,Employee_Master!A:A,Employee_Master!E:E,"Not Found") -> Customer Support | G12: Approved | H12: =AVERAGE(E12:E651) -> 2.4650794 | I12: =COUNTIF(G11:G650,"Approved")/COUNTA(G11:G650)*100 -> 60.697306 | N12: =SUM(E2:E641) -> 1576
A13: 12 | B13: 4 | C13: 46045 | D13: Sick Leave | E13: 2 | F13: =_xlfn.XLOOKUP(B13,Employee_Master!A:A,Employee_Master!E:E,"Not Found") -> HR | G13: Approved | H13: =AVERAGE(E13:E652) -> 2.4642289 | I13: =COUNTIF(G12:G651,"Approved")/COUNTA(G12:G651)*100 -> 60.634921
A14: 13 | B14: 4 | C14: 46156 | D14: Sick Leave | E14: 2 | F14: =_xlfn.XLOOKUP(B14,Employee_Master!A:A,Employee_Master!E:E,"Not Found") -> HR | G14: Approved | H14: =AVERAGE(E14:E653) -> 2.4649682 | I14: =COUNTIF(G13:G652,"Approved")/COUNTA(G13:G652)*100 -> 60.572337
A15: 14 | B15: 4 | C15: 46082 | D15: Sick Leave | E15: 1 | F15: =_xlfn.XLOOKUP(B15,Employee_Master!A:A,Employee_Master!E:E,"Not Found") -> HR | G15: Pending | H15: =AVERAGE(E15:E654) -> 2.4657097 | I15: =COUNTIF(G14:G653,"Approved")/COUNTA(G14:G653)*100 -> 60.509554
A16: 15 | B16: 5 | C16: 46155 | D16: Emergency Leave | E16: 2 | F16: =_xlfn.XLOOKUP(B16,Employee_Master!A:A,Employee_Master!E:E,"Not Found") -> Sales | G16: Rejected | H16: =AVERAGE(E16:E655) -> 2.4680511 | I16: =COUNTIF(G15:G654,"Approved")/COUNTA(G15:G654)*100 -> 60.446571
A17: 16 | B17: 5 | C17: 46026 | D17: Emergency Leave | E17: 4 | F17: =_xlfn.XLOOKUP(B17,Employee_Master!A:A,Employee_Master!E:E,"Not Found") -> Sales | G17: Approved | H17: =AVERAGE(E17:E656) -> 2.4688 | I17: =COUNTIF(G16:G655,"Approved")/COUNTA(G16:G655)*100 -> 60.543131
A18: 17 | B18: 5 | C18: 46292 | D18: Annual Leave | E18: 3 | F18: =_xlfn.XLOOKUP(B18,Employee_Master!A:A,Employee_Master!E:E,"Not Found") -> Sales | G18: Rejected | H18: =AVERAGE(E18:E657) -> 2.4663462 | I18: =COUNTIF(G17:G656,"Approved")/COUNTA(G17:G656)*100 -> 60.64
A19: 18 | B19: 6 | C19: 46117 | D19: Sick Leave | E19: 3 | F19: =_xlfn.XLOOKUP(B19,Employee_Master!A:A,Employee_Master!E:E,"Not Found") -> Sales | G19: Pending | H19: =AVERAGE(E19:E658) -> 2.4654896 | I19: =COUNTIF(G18:G657,"Approved")/COUNTA(G18:G657)*100 -> 60.576923
A20: 19 | B20: 6 | C20: 46113 | D20: Casual Leave | E20: 2 | F20: =_xlfn.XLOOKUP(B20,Employee_Master!A:A,Employee_Master!E:E,"Not Found") -> Sales | G20: Approved | H20: =AVERAGE(E20:E659) -> 2.4646302 | I20: =COUNTIF(G19:G658,"Approved")/COUNTA(G19:G658)*100 -> 60.674157
A21: 20 | B21: 7 | C21: 46206 | D21: Sick Leave | E21: 1 | F21: =_xlfn.XLOOKUP(B21,Employee_Master!A:A,Employee_Master!E:E,"Not Found") -> Marketing | G21: Pending | H21: =AVERAGE(E21:E660) -> 2.4653784 | I21: =COUNTIF(G20:G659,"Approved")/COUNTA(G20:G659)*100 -> 60.771704
A22: 21 | B22: 8 | C22: 46205 | D22: Annual Leave | E22: 1 | F22: =_xlfn.XLOOKUP(B22,Employee_Master!A:A,Employee_Master!E:E,"Not Found") -> Finance | G22: Pending | H22: =AVERAGE(E22:E661) -> 2.4677419 | I22: =COUNTIF(G21:G660,"Approved")/COUNTA(G21:G660)*100 -> 60.708535
A23: 22 | B23: 8 | C23: 46047 | D23: Annual Leave | E23: 2 | F23: =_xlfn.XLOOKUP(B23,Employee_Master!A:A,Employee_Master!E:E,"Not Found") -> Finance | G23: Rejected | H23: =AVERAGE(E23:E662) -> 2.4701131 | I23: =COUNTIF(G22:G661,"Approved")/COUNTA(G22:G661)*100 -> 60.806452
A24: 23 | B24: 8 | C24: 46068 | D24: Casual Leave | E24: 4 | F24: =_xlfn.XLOOKUP(B24,Employee_Master!A:A,Employee_Master!E:E,"Not Found") -> Finance | G24: Pending | H24: =AVERAGE(E24:E663) -> 2.4708738 | I24: =COUNTIF(G23:G662,"Approved")/COUNTA(G23:G662)*100 -> 60.904685
... A641: 640 | B641: 300 | C641: 46247 | D641: Sick Leave | E641: 1 | F641: =_xlfn.XLOOKUP(B641,Employee_Master!A:A,Employee_Master!E:E,"Not Found") -> Marketing | G641: Approved | H641: =AVERAGE(E641:E1280) -> 1 | I641: =COUNTIF(G640:G1279,"Approved")/COUNTA(G640:G1279)*100 -> 50

Sheet table 5
A1: Employee_ID | B1: Leave_Date | C1: Leave_Type | D1: Leave_Days | E1: Department | F1: Status
A2: 1 | B2: 46185 | C2: Sick Leave | D2: 4 | E2: =_xlfn.XLOOKUP(A2,Employee_Master!A:A,Employee_Master!E:E,"Not Found") -> Marketing | F2: Approved
A3: 2 | B3: 46066 | C3: Emergency Leave | D3: 3 | E3: =_xlfn.XLOOKUP(A3,Employee_Master!A:A,Employee_Master!E:E,"Not Found") -> IT | F3: Approved
A4: 3 | B4: 46155 | C4: Annual Leave | D4: 2 | E4: =_xlfn.XLOOKUP(A4,Employee_Master!A:A,Employee_Master!E:E,"Not Found") -> Customer Support | F4: Approved
A5: 4 | B5: 46096 | C5: Casual Leave | D5: 1 | E5: =_xlfn.XLOOKUP(A5,Employee_Master!A:A,Employee_Master!E:E,"Not Found") -> HR | F5: Approved
A6: 5 | B6: 46089 | C6: Annual Leave | D6: 2 | E6: =_xlfn.XLOOKUP(A6,Employee_Master!A:A,Employee_Master!E:E,"Not Found") -> Sales | F6: Rejected
A7: 6 | B7: 46247 | C7: Casual Leave | D7: 2 | E7: =_xlfn.XLOOKUP(A7,Employee_Master!A:A,Employee_Master!E:E,"Not Found") -> Sales | F7: Approved
A8: 7 | B8: 45977 | C8: Emergency Leave | D8: 3 | E8: =_xlfn.XLOOKUP(A8,Employee_Master!A:A,Employee_Master!E:E,"Not Found") -> Marketing | F8: Approved
A9: 8 | B9: 46105 | C9: Annual Leave | D9: 4 | E9: =_xlfn.XLOOKUP(A9,Employee_Master!A:A,Employee_Master!E:E,"Not Found") -> Finance | F9: Approved
A10: 9 | B10: 45984 | C10: Annual Leave | D10: 1 | E10: =_xlfn.XLOOKUP(A10,Employee_Master!A:A,Employee_Master!E:E,"Not Found") -> HR | F10: Approved
A11: 10 | B11: 46046 | C11: Emergency Leave | D11: 1 | E11: =_xlfn.XLOOKUP(A11,Employee_Master!A:A,Employee_Master!E:E,"Not Found") -> Customer Support | F11: Approved
A12: 11 | B12: 46211 | C12: Sick Leave | D12: 3 | E12: =_xlfn.XLOOKUP(A12,Employee_Master!A:A,Employee_Master!E:E,"Not Found") -> HR | F12: Approved
A13: 12 | B13: 46045 | C13: Sick Leave | D13: 2 | E13: =_xlfn.XLOOKUP(A13,Employee_Master!A:A,Employee_Master!E:E,"Not Found") -> Marketing | F13: Approved
... A641: 640 | B641: 46247 | C641: Sick Leave | D641: 1 | E641: =_xlfn.XLOOKUP(A641,Employee_Master!A:A,Employee_Master!E:E,"Not Found") -> Not Found | F641: Approved

Sheet Recruitment_Summary
A1: Recruitment_Source | B1: Total_Hires | C1: Average_Performance | D1: Average_Salary
A2: Campus Recruitment | B2: 59 | C2: 75.42 | D2: 45136
A3: Company Website | B3: 47 | C3: 75.93 | D3: 47043
A4: Employee Referral | B4: 50 | C4: 74.25 | D4: 46460
A5: Indeed | B5: 49 | C5: 74.55 | D5: 46469
A6: LinkedIn | B6: 45 | C6: 78.79 | D6: 43178
A7: Naukri | B7: 50 | C7: 75.69 | D7: 43800

Sheet dashboard of salary
F3: EMPLOYEE COMPENSATION & SALARY ANALYTICS

Sheet dashboard of leave
B2: EMPLOYEE LEAVE ANALYTICS
